"year"," month","carrier","carrier_name","airport","airport_name","arr_flights","arr_del15","carrier_ct"," weather_ct","nas_ct","security_ct","late_aircraft_ct","arr_cancelled","arr_diverted"," arr_delay"," carrier_delay","weather_delay","nas_delay","security_delay","late_aircraft_delay",
2015,3,"AA","American Airlines Inc.","JFK","New York, NY: John F. Kennedy International",1358.00,353.00,69.20,3.44,195.21,0.00,85.15,69.00,10.00,23412.00,4694.00,606.00,9525.00,0.00,8587.00,
2015,3,"AA","American Airlines Inc.","LAX","Los Angeles, CA: Los Angeles International",2815.00,627.00,184.44,16.42,257.79,1.44,166.91,46.00,8.00,42238.00,16585.00,1343.00,9544.00,36.00,14730.00,
2015,3,"AA","American Airlines Inc.","DFW","Dallas/Fort Worth, TX: Dallas/Fort Worth International",12700.00,2271.00,629.34,35.45,662.45,0.72,943.05,511.00,13.00,148334.00,55859.00,4119.00,22446.00,20.00,65890.00,
2015,3,"AA","American Airlines Inc.","HNL","Honolulu, HI: Daniel K Inouye International",184.00,62.00,30.60,0.00,20.58,0.00,10.82,2.00,0.00,6275.00,3107.00,0.00,876.00,0.00,2292.00,
2015,3,"AA","American Airlines Inc.","SFO","San Francisco, CA: San Francisco International",902.00,172.00,71.10,5.85,43.52,0.00,51.54,23.00,1.00,10636.00,4640.00,522.00,1678.00,0.00,3796.00,
2015,3,"AA","American Airlines Inc.","ATL","Atlanta, GA: Hartsfield-Jackson Atlanta International",497.00,117.00,57.82,0.98,28.15,0.00,30.04,15.00,0.00,5678.00,3121.00,63.00,756.00,0.00,1738.00,
2015,3,"AA","American Airlines Inc.","LAS","Las Vegas, NV: McCarran International",889.00,168.00,65.55,2.98,42.70,1.00,55.76,19.00,1.00,9746.00,3673.00,183.00,1833.00,37.00,4020.00,
2015,3,"AA","American Airlines Inc.","BOS","Boston, MA: Logan International",882.00,216.00,83.87,6.36,62.26,0.00,63.51,22.00,4.00,11960.00,4762.00,652.00,2434.00,0.00,4112.00,
2015,3,"AA","American Airlines Inc.","ORD","Chicago, IL: Chicago O'Hare International",4312.00,869.00,216.30,13.73,299.75,1.04,338.18,110.00,4.00,54991.00,15463.00,1267.00,13146.00,25.00,25090.00,
2015,3,"AA","American Airlines Inc.","DCA","Washington, DC: Ronald Reagan Washington National",932.00,239.00,83.69,6.23,88.98,1.27,58.83,46.00,7.00,10861.00,4018.00,427.00,3445.00,26.00,2945.00,
2015,3,"AA","American Airlines Inc.","MIA","Miami, FL: Miami International",4466.00,920.00,283.86,18.26,327.06,1.00,289.82,73.00,2.00,56593.00,22082.00,2385.00,10376.00,19.00,21731.00,
2015,3,"AA","American Airlines Inc.","IAD","Washington, DC: Washington Dulles International",214.00,54.00,19.40,0.00,15.92,0.00,18.68,5.00,0.00,2716.00,966.00,0.00,502.00,0.00,1248.00,
2015,3,"AA","American Airlines Inc.","PHX","Phoenix, AZ: Phoenix Sky Harbor International",538.00,118.00,44.88,2.09,29.35,1.35,40.32,8.00,0.00,6151.00,2661.00,260.00,1046.00,36.00,2148.00,
2015,3,"AA","American Airlines Inc.","MCO","Orlando, FL: Orlando International",900.00,215.00,103.20,3.67,53.25,0.21,54.66,15.00,2.00,11892.00,6453.00,158.00,1565.00,10.00,3706.00,
2015,3,"AA","American Airlines Inc.","PHL","Philadelphia, PA: Philadelphia International",298.00,80.00,32.58,0.00,27.92,0.00,19.50,7.00,1.00,4309.00,1531.00,0.00,1275.00,0.00,1503.00,
2015,3,"AA","American Airlines Inc.","SAN","San Diego, CA: San Diego International",463.00,95.00,43.68,2.24,17.02,0.00,32.06,12.00,4.00,5251.00,2237.00,181.00,677.00,0.00,2156.00,
2015,3,"AA","American Airlines Inc.","SEA","Seattle, WA: Seattle/Tacoma International",374.00,67.00,26.17,3.56,13.33,0.00,23.95,8.00,0.00,4142.00,1607.00,550.00,551.00,0.00,1434.00,
2015,3,"AA","American Airlines Inc.","DTW","Detroit, MI: Detroit Metro Wayne County",243.00,59.00,30.06,0.00,7.74,0.00,21.21,10.00,0.00,3093.00,1642.00,0.00,246.00,0.00,1205.00,
2015,3,"AA","American Airlines Inc.","SLC","Salt Lake City, UT: Salt Lake City International",213.00,41.00,21.31,0.39,4.38,0.00,14.92,5.00,0.00,2136.00,1098.00,19.00,146.00,0.00,873.00,
2015,3,"AA","American Airlines Inc.","LGA","New York, NY: LaGuardia",1235.00,342.00,82.37,10.54,174.73,0.77,73.60,71.00,21.00,15977.00,4054.00,518.00,7777.00,63.00,3565.00,
2015,3,"AA","American Airlines Inc.","PDX","Portland, OR: Portland International",124.00,9.00,4.62,0.00,0.00,0.00,4.38,5.00,3.00,351.00,107.00,0.00,0.00,0.00,244.00,
2015,3,"AA","American Airlines Inc.","IAH","Houston, TX: George Bush Intercontinental/Houston",425.00,111.00,50.01,0.00,24.71,0.00,36.28,12.00,1.00,5955.00,2799.00,0.00,689.00,0.00,2467.00,
2015,3,"AA","American Airlines Inc.","DEN","Denver, CO: Denver International",496.00,104.00,52.57,1.98,22.09,0.00,27.36,11.00,0.00,5099.00,2839.00,146.00,821.00,0.00,1293.00,
2015,3,"AA","American Airlines Inc.","BWI","Baltimore, MD: Baltimore/Washington International Thurgood Marshall",213.00,48.00,24.77,0.00,9.12,0.00,14.11,9.00,2.00,2142.00,1035.00,0.00,271.00,0.00,836.00,
2015,3,"AA","American Airlines Inc.","CLT","Charlotte, NC: Charlotte Douglas International",395.00,78.00,34.29,0.00,17.78,0.00,25.92,9.00,0.00,3807.00,1740.00,0.00,591.00,0.00,1476.00,
2015,3,"AA","American Airlines Inc.","TPA","Tampa, FL: Tampa International",547.00,136.00,61.84,2.86,25.15,0.00,46.14,10.00,0.00,6734.00,3310.00,111.00,778.00,0.00,2535.00,
2015,3,"AA","American Airlines Inc.","EWR","Newark, NJ: Newark Liberty International",308.00,106.00,21.97,0.95,53.92,0.00,29.16,12.00,0.00,5821.00,1155.00,75.00,2848.00,0.00,1743.00,
2015,3,"AA","American Airlines Inc.","FLL","Fort Lauderdale, FL: Fort Lauderdale-Hollywood International",388.00,65.00,28.83,3.09,11.95,0.00,21.12,11.00,0.00,2953.00,1378.00,138.00,329.00,0.00,1108.00,
2015,3,"AA","American Airlines Inc.","MSP","Minneapolis, MN: Minneapolis-St Paul International",393.00,93.00,41.41,1.29,12.38,0.00,37.92,15.00,0.00,5173.00,2427.00,93.00,436.00,0.00,2217.00,
2015,3,"AS","Alaska Airlines Inc.","SEA","Seattle, WA: Seattle/Tacoma International",4496.00,525.00,111.20,12.63,160.12,1.26,239.79,12.00,5.00,28862.00,8135.00,1066.00,5046.00,47.00,14568.00,
2015,3,"AS","Alaska Airlines Inc.","PDX","Portland, OR: Portland International",1139.00,119.00,36.65,1.96,31.81,1.00,47.57,3.00,5.00,6129.00,1987.00,81.00,900.00,28.00,3133.00,
2015,3,"AS","Alaska Airlines Inc.","LAX","Los Angeles, CA: Los Angeles International",667.00,140.00,16.75,2.39,104.44,0.00,16.43,0.00,0.00,6004.00,791.00,95.00,4319.00,0.00,799.00,
2015,3,"AS","Alaska Airlines Inc.","LAS","Las Vegas, NV: McCarran International",405.00,59.00,26.98,0.90,20.67,0.00,10.45,0.00,0.00,2965.00,1247.00,92.00,944.00,0.00,682.00,
2015,3,"AS","Alaska Airlines Inc.","SFO","San Francisco, CA: San Francisco International",500.00,89.00,28.35,0.84,46.66,0.00,13.15,0.00,0.00,4438.00,1524.00,140.00,2034.00,0.00,740.00,
2015,3,"AS","Alaska Airlines Inc.","SAN","San Diego, CA: San Diego International",467.00,51.00,28.01,0.00,14.82,0.00,8.17,0.00,1.00,3283.00,2470.00,0.00,540.00,0.00,273.00,
2015,3,"AS","Alaska Airlines Inc.","PHX","Phoenix, AZ: Phoenix Sky Harbor International",244.00,23.00,13.06,0.95,6.07,0.00,2.93,0.00,0.00,1145.00,777.00,39.00,231.00,0.00,98.00,
2015,3,"AS","Alaska Airlines Inc.","DFW","Dallas/Fort Worth, TX: Dallas/Fort Worth International",121.00,9.00,3.00,0.29,3.71,0.00,2.00,0.00,0.00,235.00,67.00,10.00,87.00,0.00,71.00,
2015,3,"AS","Alaska Airlines Inc.","ORD","Chicago, IL: Chicago O'Hare International",162.00,21.00,7.82,0.00,10.21,0.00,2.97,0.00,0.00,1157.00,350.00,0.00,702.00,0.00,105.00,
2015,3,"AS","Alaska Airlines Inc.","DEN","Denver, CO: Denver International",145.00,15.00,7.84,0.00,3.17,0.00,3.98,0.00,0.00,424.00,203.00,0.00,77.00,0.00,144.00,
2015,3,"AS","Alaska Airlines Inc.","SLC","Salt Lake City, UT: Salt Lake City International",188.00,19.00,8.21,0.00,3.05,0.00,7.74,0.00,0.00,1109.00,459.00,0.00,299.00,0.00,351.00,
2015,3,"AS","Alaska Airlines Inc.","IAH","Houston, TX: George Bush Intercontinental/Houston",31.00,10.00,3.25,0.00,5.74,0.00,1.01,0.00,0.00,371.00,181.00,0.00,144.00,0.00,46.00,
2015,3,"AS","Alaska Airlines Inc.","ATL","Atlanta, GA: Hartsfield-Jackson Atlanta International",31.00,2.00,1.10,0.00,0.00,0.00,0.90,0.00,0.00,59.00,41.00,0.00,0.00,0.00,18.00,
2015,3,"AS","Alaska Airlines Inc.","MCO","Orlando, FL: Orlando International",61.00,5.00,1.00,0.00,4.00,0.00,0.00,0.00,0.00,274.00,155.00,0.00,119.00,0.00,0.00,
2015,3,"AS","Alaska Airlines Inc.","BWI","Baltimore, MD: Baltimore/Washington International Thurgood Marshall",31.00,4.00,2.64,0.00,1.36,0.00,0.00,0.00,0.00,110.00,72.00,0.00,38.00,0.00,0.00,
2015,3,"AS","Alaska Airlines Inc.","BOS","Boston, MA: Logan International",120.00,8.00,3.04,0.75,3.25,0.00,0.96,1.00,0.00,269.00,75.00,48.00,120.00,0.00,26.00,
2015,3,"AS","Alaska Airlines Inc.","DCA","Washington, DC: Ronald Reagan Washington National",123.00,17.00,4.99,0.00,9.80,0.00,2.21,0.00,0.00,735.00,407.00,0.00,275.00,0.00,53.00,
2015,3,"AS","Alaska Airlines Inc.","TPA","Tampa, FL: Tampa International",31.00,0.00,0.00,0.00,0.00,0.00,0.00,0.00,0.00,0.00,0.00,0.00,0.00,0.00,0.00,
2015,3,"AS","Alaska Airlines Inc.","DTW","Detroit, MI: Detroit Metro Wayne County",31.00,1.00,0.00,0.00,1.00,0.00,0.00,0.00,0.00,21.00,0.00,0.00,21.00,0.00,0.00,
2015,3,"AS","Alaska Airlines Inc.","HNL","Honolulu, HI: Daniel K Inouye International",225.00,46.00,8.72,0.42,29.30,0.00,7.55,0.00,5.00,2459.00,920.00,8.00,981.00,0.00,550.00,
2015,3,"AS","Alaska Airlines Inc.","EWR","Newark, NJ: Newark Liberty International",61.00,9.00,3.10,0.00,5.08,0.00,0.82,1.00,1.00,536.00,261.00,0.00,215.00,0.00,60.00,
2015,3,"AS","Alaska Airlines Inc.","PHL","Philadelphia, PA: Philadelphia International",31.00,4.00,0.00,0.00,4.00,0.00,0.00,1.00,0.00,434.00,0.00,0.00,434.00,0.00,0.00,
2015,3,"AS","Alaska Airlines Inc.","FLL","Fort Lauderdale, FL: Fort Lauderdale-Hollywood International",31.00,7.00,3.69,0.00,3.31,0.00,0.00,0.00,0.00,343.00,246.00,0.00,97.00,0.00,0.00,
2015,3,"AS","Alaska Airlines Inc.","MSP","Minneapolis, MN: Minneapolis-St Paul International",55.00,4.00,1.11,0.00,0.03,0.00,2.85,0.00,0.00,246.00,90.00,0.00,3.00,0.00,153.00,
2015,3,"AS","Alaska Airlines Inc.","IAD","Washington, DC: Washington Dulles International",21.00,2.00,2.00,0.00,0.00,0.00,0.00,0.00,0.00,100.00,100.00,0.00,0.00,0.00,0.00,
2015,3,"B6","JetBlue Airways","FLL","Fort Lauderdale, FL: Fort Lauderdale-Hollywood International",1699.00,473.00,140.28,5.11,152.84,1.35,173.42,29.00,4.00,28387.00,8529.00,831.00,6376.00,27.00,12624.00,
2015,3,"B6","JetBlue Airways","JFK","New York, NY: John F. Kennedy International",3656.00,992.00,203.28,13.16,393.75,2.17,379.64,132.00,17.00,82585.00,13260.00,1097.00,38083.00,47.00,30098.00,
2015,3,"B6","JetBlue Airways","EWR","Newark, NJ: Newark Liberty International",615.00,183.00,57.44,0.81,65.34,0.79,58.62,16.00,1.00,14731.00,3782.00,59.00,5241.00,32.00,5617.00,
2015,3,"B6","JetBlue Airways","LAS","Las Vegas, NV: McCarran International",337.00,81.00,26.08,1.66,28.10,0.85,24.32,3.00,3.00,4722.00,1313.00,336.00,1572.00,50.00,1451.00,
2015,3,"B6","JetBlue Airways","BOS","Boston, MA: Logan International",3611.00,862.00,230.09,11.58,206.55,1.23,412.56,52.00,13.00,58071.00,13796.00,1443.00,11638.00,84.00,31110.00,
2015,3,"B6","JetBlue Airways","SLC","Salt Lake City, UT: Salt Lake City International",127.00,29.00,7.87,0.43,8.45,0.00,12.25,0.00,0.00,1693.00,456.00,59.00,332.00,0.00,846.00,
2015,3,"B6","JetBlue Airways","MCO","Orlando, FL: Orlando International",1703.00,458.00,147.65,11.10,160.17,0.11,138.96,29.00,2.00,28750.00,9497.00,1544.00,6530.00,8.00,11171.00,
2015,3,"B6","JetBlue Airways","SFO","San Francisco, CA: San Francisco International",451.00,97.00,28.37,1.86,45.21,0.00,21.55,2.00,6.00,5258.00,1690.00,165.00,1936.00,0.00,1467.00,
2015,3,"B6","JetBlue Airways","SAN","San Diego, CA: San Diego International",120.00,25.00,9.12,0.00,12.72,0.00,3.17,2.00,7.00,1291.00,665.00,0.00,475.00,0.00,151.00,
2015,3,"B6","JetBlue Airways","DEN","Denver, CO: Denver International",89.00,39.00,12.11,0.41,16.09,0.71,9.69,1.00,0.00,2083.00,613.00,41.00,967.00,17.00,445.00,
2015,3,"B6","JetBlue Airways","LAX","Los Angeles, CA: Los Angeles International",360.00,92.00,20.63,1.79,55.59,2.00,11.98,0.00,9.00,5124.00,1614.00,152.00,2344.00,53.00,961.00,
2015,3,"B6","JetBlue Airways","SEA","Seattle, WA: Seattle/Tacoma International",151.00,48.00,15.59,0.00,20.44,0.00,11.97,0.00,4.00,2420.00,780.00,0.00,883.00,0.00,757.00,
2015,3,"B6","JetBlue Airways","ORD","Chicago, IL: Chicago O'Hare International",182.00,67.00,16.75,0.25,33.31,0.00,16.69,2.00,0.00,4625.00,949.00,52.00,2050.00,0.00,1574.00,
2015,3,"B6","JetBlue Airways","TPA","Tampa, FL: Tampa International",549.00,141.00,55.65,1.89,46.66,0.00,36.80,14.00,0.00,8361.00,3277.00,176.00,1979.00,0.00,2929.00,
2015,3,"B6","JetBlue Airways","IAD","Washington, DC: Washington Dulles International",177.00,40.00,10.26,1.18,12.29,0.00,16.27,10.00,0.00,2619.00,503.00,191.00,486.00,0.00,1439.00,
2015,3,"B6","JetBlue Airways","LGA","New York, NY: LaGuardia",589.00,250.00,71.06,0.88,121.59,0.00,56.46,20.00,5.00,17395.00,4157.00,57.00,8636.00,0.00,4545.00,
2015,3,"B6","JetBlue Airways","CLT","Charlotte, NC: Charlotte Douglas International",120.00,36.00,8.67,0.28,14.90,0.00,12.16,2.00,0.00,2251.00,522.00,52.00,451.00,0.00,1226.00,
2015,3,"B6","JetBlue Airways","DCA","Washington, DC: Ronald Reagan Washington National",887.00,189.00,69.41,0.46,53.93,0.45,64.76,17.00,1.00,10584.00,4008.00,27.00,2095.00,23.00,4431.00,
2015,3,"B6","JetBlue Airways","PHL","Philadelphia, PA: Philadelphia International",147.00,30.00,4.61,0.71,17.69,0.00,6.98,6.00,0.00,2908.00,361.00,84.00,1375.00,0.00,1088.00,
2015,3,"B6","JetBlue Airways","BWI","Baltimore, MD: Baltimore/Washington International Thurgood Marshall",147.00,28.00,8.68,0.00,11.48,0.00,7.84,4.00,0.00,1220.00,421.00,0.00,344.00,0.00,455.00,
2015,3,"B6","JetBlue Airways","PHX","Phoenix, AZ: Phoenix Sky Harbor International",62.00,17.00,4.21,0.11,10.40,0.00,2.29,0.00,1.00,911.00,272.00,20.00,484.00,0.00,135.00,
2015,3,"B6","JetBlue Airways","DFW","Dallas/Fort Worth, TX: Dallas/Fort Worth International",57.00,17.00,4.96,0.00,11.45,0.00,0.60,0.00,1.00,770.00,369.00,0.00,368.00,0.00,33.00,
2015,3,"B6","JetBlue Airways","PDX","Portland, OR: Portland International",80.00,17.00,8.52,0.92,2.36,0.00,5.19,1.00,1.00,1008.00,359.00,65.00,78.00,0.00,506.00,
2015,3,"B6","JetBlue Airways","DTW","Detroit, MI: Detroit Metro Wayne County",89.00,32.00,8.91,0.00,19.25,0.00,3.84,0.00,0.00,1242.00,535.00,0.00,554.00,0.00,153.00,
2015,3,"DL","Delta Air Lines Inc.","ATL","Atlanta, GA: Hartsfield-Jackson Atlanta International",20957.00,2599.00,790.40,100.93,766.67,1.86,939.14,73.00,12.00,162652.00,70976.00,13092.00,25964.00,80.00,52540.00,
2015,3,"DL","Delta Air Lines Inc.","DTW","Detroit, MI: Detroit Metro Wayne County",4442.00,664.00,177.94,19.20,203.73,0.00,263.13,27.00,2.00,39185.00,13391.00,2753.00,6777.00,0.00,16264.00,
2015,3,"DL","Delta Air Lines Inc.","PHL","Philadelphia, PA: Philadelphia International",601.00,104.00,29.82,0.00,58.00,0.00,16.18,23.00,1.00,6781.00,1678.00,0.00,3816.00,0.00,1287.00,
2015,3,"DL","Delta Air Lines Inc.","SLC","Salt Lake City, UT: Salt Lake City International",3171.00,393.00,129.68,16.27,108.72,0.00,138.33,3.00,1.00,23500.00,8921.00,1996.00,4771.00,0.00,7812.00,
2015,3,"DL","Delta Air Lines Inc.","LAS","Las Vegas, NV: McCarran International",971.00,149.00,47.06,4.86,71.68,0.00,25.40,7.00,2.00,7897.00,2755.00,701.00,3317.00,0.00,1124.00,
2015,3,"DL","Delta Air Lines Inc.","SAN","San Diego, CA: San Diego International",556.00,72.00,26.11,7.03,26.47,0.00,12.39,3.00,5.00,4204.00,1511.00,729.00,1148.00,0.00,816.00,
2015,3,"DL","Delta Air Lines Inc.","LAX","Los Angeles, CA: Los Angeles International",2092.00,437.00,133.57,21.80,205.32,0.00,76.31,6.00,1.00,23582.00,8993.00,2419.00,7853.00,0.00,4317.00,
2015,3,"DL","Delta Air Lines Inc.","JFK","New York, NY: John F. Kennedy International",2360.00,643.00,118.88,13.32,325.45,0.00,185.35,88.00,24.00,53733.00,9940.00,3193.00,26709.00,0.00,13891.00,
2015,3,"DL","Delta Air Lines Inc.","LGA","New York, NY: LaGuardia",2601.00,749.00,137.61,17.17,415.41,0.00,178.81,101.00,30.00,49776.00,13212.00,3224.00,20605.00,0.00,12735.00,
2015,3,"DL","Delta Air Lines Inc.","TPA","Tampa, FL: Tampa International",1110.00,169.00,65.16,8.80,43.69,0.00,51.35,11.00,3.00,11404.00,4519.00,1210.00,2105.00,0.00,3570.00,
2015,3,"DL","Delta Air Lines Inc.","FLL","Fort Lauderdale, FL: Fort Lauderdale-Hollywood International",1120.00,165.00,66.75,10.63,46.26,0.00,41.35,16.00,0.00,11204.00,4276.00,2041.00,2117.00,0.00,2770.00,
2015,3,"DL","Delta Air Lines Inc.","BOS","Boston, MA: Logan International",1474.00,312.00,82.59,12.12,102.95,0.00,114.35,27.00,4.00,18691.00,4592.00,1272.00,5325.00,0.00,7502.00,
2015,3,"DL","Delta Air Lines Inc.","MIA","Miami, FL: Miami International",845.00,154.00,60.23,6.86,41.29,0.00,45.63,15.00,0.00,9591.00,3484.00,693.00,1878.00,0.00,3536.00,
2015,3,"DL","Delta Air Lines Inc.","MSP","Minneapolis, MN: Minneapolis-St Paul International",4872.00,658.00,195.96,16.82,235.21,0.00,210.01,20.00,4.00,38910.00,16242.00,2308.00,7627.00,0.00,12733.00,
2015,3,"DL","Delta Air Lines Inc.","MCO","Orlando, FL: Orlando International",1583.00,306.00,115.37,10.94,106.16,0.95,72.58,20.00,0.00,17657.00,6451.00,1591.00,4106.00,53.00,5456.00,
2015,3,"DL","Delta Air Lines Inc.","DFW","Dallas/Fort Worth, TX: Dallas/Fort Worth International",453.00,58.00,28.60,5.34,14.32,0.00,9.75,0.00,0.00,3092.00,1790.00,286.00,590.00,0.00,426.00,
2015,3,"DL","Delta Air Lines Inc.","IAH","Houston, TX: George Bush Intercontinental/Houston",253.00,38.00,22.55,0.00,8.82,0.00,6.63,0.00,0.00,1776.00,1146.00,0.00,235.00,0.00,395.00,
2015,3,"DL","Delta Air Lines Inc.","SFO","San Francisco, CA: San Francisco International",712.00,104.00,31.49,8.55,47.11,0.00,16.86,10.00,1.00,5699.00,1833.00,624.00,2043.00,0.00,1199.00,
2015,3,"DL","Delta Air Lines Inc.","DEN","Denver, CO: Denver International",685.00,120.00,46.66,2.61,40.28,0.00,30.45,3.00,0.00,7206.00,2607.00,1211.00,1858.00,0.00,1530.00,
2015,3,"DL","Delta Air Lines Inc.","SEA","Seattle, WA: Seattle/Tacoma International",967.00,178.00,70.81,8.46,56.32,0.00,42.42,0.00,1.00,10201.00,4283.00,1134.00,2043.00,0.00,2741.00,
2015,3,"DL","Delta Air Lines Inc.","PHX","Phoenix, AZ: Phoenix Sky Harbor International",734.00,103.00,32.19,2.46,54.40,0.00,13.95,3.00,0.00,5964.00,2174.00,526.00,2387.00,0.00,877.00,
2015,3,"DL","Delta Air Lines Inc.","DCA","Washington, DC: Ronald Reagan Washington National",713.00,125.00,58.06,4.08,41.17,0.00,21.69,9.00,7.00,6077.00,2819.00,330.00,1862.00,0.00,1066.00,
2015,3,"DL","Delta Air Lines Inc.","IAD","Washington, DC: Washington Dulles International",209.00,25.00,17.16,0.00,3.28,0.00,4.56,1.00,0.00,1078.00,810.00,0.00,146.00,0.00,122.00,
2015,3,"DL","Delta Air Lines Inc.","ORD","Chicago, IL: Chicago O'Hare International",604.00,106.00,40.24,2.31,46.84,0.00,16.61,1.00,1.00,5484.00,2183.00,54.00,2627.00,0.00,620.00,
2015,3,"DL","Delta Air Lines Inc.","CLT","Charlotte, NC: Charlotte Douglas International",566.00,67.00,22.18,0.57,25.61,0.00,18.64,0.00,1.00,3570.00,1605.00,21.00,792.00,0.00,1152.00,
2015,3,"DL","Delta Air Lines Inc.","EWR","Newark, NJ: Newark Liberty International",419.00,80.00,21.97,2.09,42.62,0.00,13.32,6.00,2.00,6545.00,1661.00,97.00,4281.00,0.00,506.00,
2015,3,"DL","Delta Air Lines Inc.","HNL","Honolulu, HI: Daniel K Inouye International",263.00,77.00,15.37,0.87,52.44,0.00,8.33,0.00,0.00,3250.00,1303.00,13.00,1651.00,0.00,283.00,
2015,3,"DL","Delta Air Lines Inc.","PDX","Portland, OR: Portland International",449.00,83.00,43.75,2.77,15.99,0.00,20.49,0.00,1.00,5403.00,3141.00,461.00,839.00,0.00,962.00,
2015,3,"DL","Delta Air Lines Inc.","MDW","Chicago, IL: Chicago Midway International",240.00,30.00,17.07,2.00,4.23,0.00,6.70,0.00,1.00,2050.00,809.00,703.00,297.00,0.00,241.00,
2015,3,"DL","Delta Air Lines Inc.","BWI","Baltimore, MD: Baltimore/Washington International Thurgood Marshall",634.00,80.00,41.73,2.97,18.22,0.00,17.07,3.00,1.00,3590.00,1873.00,210.00,845.00,0.00,662.00,
2015,3,"EV","ExpressJet Airlines Inc.","DFW","Dallas/Fort Worth, TX: Dallas/Fort Worth International",1713.00,570.00,151.00,0.00,99.44,0.00,319.56,143.00,1.00,38323.00,13315.00,0.00,3909.00,0.00,21099.00,
2015,3,"EV","ExpressJet Airlines Inc.","ORD","Chicago, IL: Chicago O'Hare International",4603.00,753.00,96.90,11.47,382.37,0.00,262.26,159.00,12.00,50617.00,9265.00,1525.00,21225.00,0.00,18602.00,
2015,3,"EV","ExpressJet Airlines Inc.","IAH","Houston, TX: George Bush Intercontinental/Houston",6167.00,1013.00,157.60,32.94,377.66,0.00,444.80,147.00,26.00,58474.00,13832.00,4068.00,14334.00,0.00,26240.00,
2015,3,"EV","ExpressJet Airlines Inc.","EWR","Newark, NJ: Newark Liberty International",3022.00,556.00,89.67,3.28,279.40,0.00,183.65,347.00,8.00,36022.00,7841.00,204.00,15222.00,0.00,12755.00,
2015,3,"EV","ExpressJet Airlines Inc.","DEN","Denver, CO: Denver International",1320.00,159.00,20.38,2.60,51.61,0.00,84.42,21.00,4.00,9934.00,1946.00,253.00,2190.00,0.00,5545.00,
2015,3,"EV","ExpressJet Airlines Inc.","CLT","Charlotte, NC: Charlotte Douglas International",331.00,77.00,22.94,1.40,31.75,0.00,20.91,11.00,0.00,3723.00,1204.00,305.00,1075.00,0.00,1139.00,
2015,3,"EV","ExpressJet Airlines Inc.","ATL","Atlanta, GA: Hartsfield-Jackson Atlanta International",5802.00,1335.00,293.39,1.41,384.14,0.00,656.06,104.00,4.00,77565.00,25476.00,211.00,11524.00,0.00,40354.00,
2015,3,"EV","ExpressJet Airlines Inc.","MSP","Minneapolis, MN: Minneapolis-St Paul International",810.00,149.00,44.18,0.47,51.72,0.00,52.63,35.00,0.00,9687.00,3993.00,57.00,1878.00,0.00,3759.00,
2015,3,"EV","ExpressJet Airlines Inc.","DTW","Detroit, MI: Detroit Metro Wayne County",2580.00,413.00,105.74,0.00,100.79,0.00,206.47,72.00,4.00,26809.00,9514.00,0.00,3462.00,0.00,13833.00,
2015,3,"EV","ExpressJet Airlines Inc.","BOS","Boston, MA: Logan International",218.00,33.00,12.24,0.00,10.56,0.00,10.21,5.00,1.00,1760.00,702.00,0.00,482.00,0.00,576.00,
2015,3,"EV","ExpressJet Airlines Inc.","DCA","Washington, DC: Ronald Reagan Washington National",320.00,54.00,14.07,0.50,16.03,0.00,23.40,36.00,3.00,3679.00,957.00,8.00,994.00,0.00,1720.00,
2015,3,"EV","ExpressJet Airlines Inc.","LGA","New York, NY: LaGuardia",958.00,276.00,100.48,0.00,91.35,0.00,84.17,110.00,6.00,17600.00,7411.00,0.00,4176.00,0.00,6013.00,
2015,3,"EV","ExpressJet Airlines Inc.","IAD","Washington, DC: Washington Dulles International",337.00,64.00,20.39,1.24,18.08,0.00,24.29,26.00,1.00,4100.00,1325.00,42.00,1131.00,0.00,1602.00,
2015,3,"EV","ExpressJet Airlines Inc.","BWI","Baltimore, MD: Baltimore/Washington International Thurgood Marshall",26.00,1.00,0.59,0.00,0.00,0.00,0.41,3.00,0.00,32.00,19.00,0.00,0.00,0.00,13.00,
2015,3,"EV","ExpressJet Airlines Inc.","SLC","Salt Lake City, UT: Salt Lake City International",18.00,2.00,1.00,0.00,0.00,0.00,1.00,0.00,0.00,152.00,134.00,0.00,0.00,0.00,18.00,
2015,3,"EV","ExpressJet Airlines Inc.","PHL","Philadelphia, PA: Philadelphia International",8.00,2.00,1.86,0.00,0.14,0.00,0.00,0.00,0.00,191.00,171.00,0.00,20.00,0.00,0.00,
2015,3,"EV","ExpressJet Airlines Inc.","MDW","Chicago, IL: Chicago Midway International",222.00,54.00,28.31,0.00,10.16,0.00,15.53,5.00,0.00,3493.00,2267.00,0.00,443.00,0.00,783.00,
2015,3,"EV","ExpressJet Airlines Inc.","MCO","Orlando, FL: Orlando International",12.00,2.00,1.07,0.00,0.93,0.00,0.00,0.00,0.00,107.00,79.00,0.00,28.00,0.00,0.00,
2015,3,"F9","Frontier Airlines Inc.","DEN","Denver, CO: Denver International",1915.00,534.00,104.19,1.38,229.00,0.00,199.44,12.00,0.00,39288.00,9249.00,79.00,12174.00,0.00,17786.00,
2015,3,"F9","Frontier Airlines Inc.","DFW","Dallas/Fort Worth, TX: Dallas/Fort Worth International",118.00,48.00,12.55,0.00,24.74,0.00,10.71,1.00,0.00,1977.00,409.00,0.00,852.00,0.00,716.00,
2015,3,"F9","Frontier Airlines Inc.","MCO","Orlando, FL: Orlando International",489.00,205.00,56.45,0.69,95.56,0.00,52.31,8.00,0.00,13407.00,3710.00,95.00,4626.00,0.00,4976.00,
2015,3,"F9","Frontier Airlines Inc.","LAS","Las Vegas, NV: McCarran International",287.00,92.00,20.37,0.18,36.57,0.00,34.87,1.00,3.00,7147.00,1428.00,28.00,2654.00,0.00,3037.00,
2015,3,"F9","Frontier Airlines Inc.","PHL","Philadelphia, PA: Philadelphia International",174.00,70.00,11.60,0.01,27.07,0.00,31.31,6.00,0.00,4688.00,605.00,2.00,1984.00,0.00,2097.00,
2015,3,"F9","Frontier Airlines Inc.","MIA","Miami, FL: Miami International",188.00,63.00,17.93,1.25,33.38,0.00,10.44,2.00,1.00,3738.00,1153.00,39.00,1717.00,0.00,829.00,
2015,3,"F9","Frontier Airlines Inc.","SLC","Salt Lake City, UT: Salt Lake City International",123.00,46.00,8.36,0.00,23.91,0.00,13.73,1.00,0.00,2514.00,565.00,0.00,1248.00,0.00,701.00,
2015,3,"F9","Frontier Airlines Inc.","DCA","Washington, DC: Ronald Reagan Washington National",93.00,17.00,4.14,0.00,5.67,0.00,7.18,0.00,0.00,840.00,270.00,0.00,263.00,0.00,307.00,
2015,3,"F9","Frontier Airlines Inc.","ORD","Chicago, IL: Chicago O'Hare International",335.00,169.00,26.70,0.64,94.97,0.00,46.69,3.00,0.00,11935.00,1622.00,193.00,6161.00,0.00,3959.00,
2015,3,"F9","Frontier Airlines Inc.","TPA","Tampa, FL: Tampa International",161.00,58.00,17.73,0.06,18.23,0.00,21.98,3.00,0.00,3433.00,828.00,5.00,883.00,0.00,1717.00,
2015,3,"F9","Frontier Airlines Inc.","IAD","Washington, DC: Washington Dulles International",176.00,89.00,23.93,0.41,31.39,0.00,33.27,5.00,0.00,6112.00,1217.00,104.00,1905.00,0.00,2886.00,
2015,3,"F9","Frontier Airlines Inc.","DTW","Detroit, MI: Detroit Metro Wayne County",17.00,4.00,1.32,0.00,0.60,0.00,2.07,0.00,0.00,128.00,35.00,0.00,29.00,0.00,64.00,
2015,3,"F9","Frontier Airlines Inc.","SAN","San Diego, CA: San Diego International",61.00,12.00,1.57,0.00,4.18,0.00,6.25,0.00,0.00,708.00,38.00,0.00,202.00,0.00,468.00,
2015,3,"F9","Frontier Airlines Inc.","ATL","Atlanta, GA: Hartsfield-Jackson Atlanta International",281.00,110.00,22.31,3.02,57.95,0.00,26.72,1.00,1.00,7504.00,1610.00,494.00,2374.00,0.00,3026.00,
2015,3,"F9","Frontier Airlines Inc.","FLL","Fort Lauderdale, FL: Fort Lauderdale-Hollywood International",108.00,43.00,15.70,0.00,15.82,0.00,11.48,1.00,0.00,3329.00,1618.00,0.00,812.00,0.00,899.00,
2015,3,"F9","Frontier Airlines Inc.","LAX","Los Angeles, CA: Los Angeles International",66.00,21.00,2.54,0.72,10.99,0.00,6.75,0.00,0.00,1045.00,117.00,54.00,436.00,0.00,438.00,
2015,3,"F9","Frontier Airlines Inc.","PDX","Portland, OR: Portland International",58.00,13.00,7.48,0.00,4.67,0.00,0.86,0.00,0.00,627.00,277.00,0.00,278.00,0.00,72.00,
2015,3,"F9","Frontier Airlines Inc.","PHX","Phoenix, AZ: Phoenix Sky Harbor International",217.00,75.00,15.74,0.00,39.71,0.00,19.56,0.00,0.00,4750.00,739.00,0.00,2301.00,0.00,1710.00,
2015,3,"F9","Frontier Airlines Inc.","IAH","Houston, TX: George Bush Intercontinental/Houston",112.00,33.00,8.38,0.00,16.93,0.00,7.69,0.00,0.00,1803.00,407.00,0.00,704.00,0.00,692.00,
2015,3,"F9","Frontier Airlines Inc.","SFO","San Francisco, CA: San Francisco International",143.00,35.00,11.52,0.92,16.70,0.00,5.86,0.00,0.00,1956.00,734.00,61.00,751.00,0.00,410.00,
2015,3,"F9","Frontier Airlines Inc.","MSP","Minneapolis, MN: Minneapolis-St Paul International",91.00,21.00,6.06,0.00,9.18,0.00,5.75,0.00,0.00,1004.00,208.00,0.00,344.00,0.00,452.00,
2015,3,"F9","Frontier Airlines Inc.","CLT","Charlotte, NC: Charlotte Douglas International",42.00,12.00,3.22,0.26,5.63,0.00,2.88,0.00,0.00,1117.00,228.00,29.00,465.00,0.00,395.00,
2015,3,"F9","Frontier Airlines Inc.","SEA","Seattle, WA: Seattle/Tacoma International",55.00,7.00,2.44,0.00,1.93,0.00,2.63,0.00,0.00,927.00,254.00,0.00,230.00,0.00,443.00,
2015,3,"F9","Frontier Airlines Inc.","MDW","Chicago, IL: Chicago Midway International",13.00,6.00,1.03,0.00,4.14,0.00,0.83,0.00,0.00,473.00,49.00,0.00,115.00,0.00,309.00,
2015,3,"F9","Frontier Airlines Inc.","LGA","New York, NY: LaGuardia",90.00,32.00,7.38,0.00,18.04,0.00,6.59,3.00,0.00,2162.00,554.00,0.00,1225.00,0.00,383.00,
2015,3,"HA","Hawaiian Airlines Inc.","PHX","Phoenix, AZ: Phoenix Sky Harbor International",31.00,12.00,9.88,0.00,0.50,0.00,1.62,0.00,0.00,295.00,243.00,0.00,8.00,0.00,44.00,
2015,3,"HA","Hawaiian Airlines Inc.","HNL","Honolulu, HI: Daniel K Inouye International",2754.00,403.00,191.06,42.78,5.17,0.30,163.68,6.00,1.00,16443.00,9534.00,1394.00,148.00,7.00,5360.00,
2015,3,"HA","Hawaiian Airlines Inc.","SFO","San Francisco, CA: San Francisco International",62.00,9.00,4.07,0.00,0.93,0.00,4.00,1.00,0.00,333.00,86.00,0.00,28.00,0.00,219.00,
2015,3,"HA","Hawaiian Airlines Inc.","LAX","Los Angeles, CA: Los Angeles International",124.00,19.00,15.74,0.00,0.00,0.00,3.26,0.00,1.00,671.00,528.00,0.00,0.00,0.00,143.00,
2015,3,"HA","Hawaiian Airlines Inc.","LAS","Las Vegas, NV: McCarran International",75.00,15.00,11.64,0.00,0.00,0.00,3.36,0.00,0.00,603.00,437.00,0.00,0.00,0.00,166.00,
2015,3,"HA","Hawaiian Airlines Inc.","SAN","San Diego, CA: San Diego International",31.00,5.00,4.22,0.00,0.72,0.00,0.06,0.00,1.00,151.00,130.00,0.00,18.00,0.00,3.00,
2015,3,"HA","Hawaiian Airlines Inc.","SEA","Seattle, WA: Seattle/Tacoma International",62.00,7.00,2.81,0.00,0.81,0.00,3.38,0.00,0.00,547.00,140.00,0.00,16.00,0.00,391.00,
2015,3,"HA","Hawaiian Airlines Inc.","PDX","Portland, OR: Portland International",31.00,5.00,5.00,0.00,0.00,0.00,0.00,0.00,0.00,145.00,145.00,0.00,0.00,0.00,0.00,
2015,3,"HA","Hawaiian Airlines Inc.","JFK","New York, NY: John F. Kennedy International",21.00,6.00,6.00,0.00,0.00,0.00,0.00,0.00,0.00,197.00,197.00,0.00,0.00,0.00,0.00,
2015,3,"MQ","Envoy Air","DFW","Dallas/Fort Worth, TX: Dallas/Fort Worth International",6092.00,1432.00,242.47,62.49,379.25,1.11,746.68,509.00,3.00,89823.00,23322.00,7271.00,16870.00,44.00,42316.00,
2015,3,"MQ","Envoy Air","ORD","Chicago, IL: Chicago O'Hare International",5481.00,1199.00,175.39,51.95,479.16,0.23,492.27,255.00,2.00,79996.00,17365.00,6786.00,22303.00,5.00,33537.00,
2015,3,"MQ","Envoy Air","LGA","New York, NY: LaGuardia",1361.00,430.00,74.09,5.58,209.64,0.00,140.69,173.00,6.00,33667.00,8652.00,993.00,13702.00,0.00,10320.00,
2015,3,"MQ","Envoy Air","DTW","Detroit, MI: Detroit Metro Wayne County",291.00,64.00,18.10,2.68,20.50,0.00,22.72,30.00,0.00,3780.00,987.00,284.00,806.00,0.00,1703.00,
2015,3,"MQ","Envoy Air","ATL","Atlanta, GA: Hartsfield-Jackson Atlanta International",130.00,37.00,7.92,0.59,18.62,0.00,9.87,14.00,0.00,2036.00,308.00,150.00,742.00,0.00,836.00,
2015,3,"MQ","Envoy Air","JFK","New York, NY: John F. Kennedy International",516.00,153.00,19.30,3.72,78.09,0.00,51.89,86.00,1.00,9934.00,918.00,359.00,4818.00,0.00,3839.00,
2015,3,"MQ","Envoy Air","MIA","Miami, FL: Miami International",589.00,127.00,43.84,3.89,18.61,1.00,59.66,25.00,0.00,8956.00,4155.00,218.00,646.00,20.00,3917.00,
2015,3,"MQ","Envoy Air","BWI","Baltimore, MD: Baltimore/Washington International Thurgood Marshall",62.00,18.00,4.05,0.45,4.48,0.00,9.02,7.00,0.00,1252.00,183.00,43.00,272.00,0.00,754.00,
2015,3,"MQ","Envoy Air","LAX","Los Angeles, CA: Los Angeles International",31.00,8.00,1.12,1.09,2.46,0.00,3.33,6.00,0.00,357.00,24.00,76.00,155.00,0.00,102.00,
2015,3,"MQ","Envoy Air","MSP","Minneapolis, MN: Minneapolis-St Paul International",7.00,2.00,0.73,0.00,0.07,0.00,1.20,2.00,0.00,141.00,55.00,0.00,6.00,0.00,80.00,
2015,3,"MQ","Envoy Air","DCA","Washington, DC: Ronald Reagan Washington National",143.00,30.00,7.94,0.30,8.17,0.00,13.59,29.00,1.00,1833.00,484.00,8.00,478.00,0.00,863.00,
2015,3,"NK","Spirit Air Lines","PDX","Portland, OR: Portland International",31.00,4.00,1.16,0.00,0.04,0.00,2.80,1.00,0.00,174.00,48.00,0.00,2.00,0.00,124.00,
2015,3,"NK","Spirit Air Lines","ORD","Chicago, IL: Chicago O'Hare International",805.00,298.00,48.73,5.32,170.18,0.78,72.99,14.00,0.00,18666.00,2642.00,418.00,9671.00,40.00,5895.00,
2015,3,"NK","Spirit Air Lines","FLL","Fort Lauderdale, FL: Fort Lauderdale-Hollywood International",1102.00,260.00,59.60,4.61,107.55,2.79,85.44,19.00,1.00,15120.00,3228.00,277.00,5475.00,102.00,6038.00,
2015,3,"NK","Spirit Air Lines","MSP","Minneapolis, MN: Minneapolis-St Paul International",341.00,92.00,23.76,2.64,37.83,0.98,26.79,1.00,0.00,5365.00,1072.00,462.00,2287.00,41.00,1503.00,
2015,3,"NK","Spirit Air Lines","MCO","Orlando, FL: Orlando International",437.00,92.00,30.20,2.15,36.13,0.22,23.30,3.00,1.00,4784.00,1483.00,71.00,1501.00,31.00,1698.00,
2015,3,"NK","Spirit Air Lines","ATL","Atlanta, GA: Hartsfield-Jackson Atlanta International",248.00,54.00,19.37,0.88,25.89,0.00,7.87,1.00,0.00,2645.00,957.00,50.00,1241.00,0.00,397.00,
2015,3,"NK","Spirit Air Lines","DFW","Dallas/Fort Worth, TX: Dallas/Fort Worth International",751.00,184.00,53.18,1.13,84.84,0.00,44.86,11.00,0.00,10281.00,2718.00,129.00,3724.00,0.00,3710.00,
2015,3,"NK","Spirit Air Lines","PHX","Phoenix, AZ: Phoenix Sky Harbor International",124.00,31.00,9.14,0.00,13.96,0.00,7.90,2.00,0.00,1770.00,554.00,0.00,621.00,0.00,595.00,
2015,3,"NK","Spirit Air Lines","LGA","New York, NY: LaGuardia",341.00,115.00,22.92,1.09,82.56,0.00,8.43,29.00,0.00,6639.00,1475.00,38.00,4537.00,0.00,589.00,
2015,3,"NK","Spirit Air Lines","TPA","Tampa, FL: Tampa International",289.00,71.00,24.89,1.53,24.62,0.00,19.96,2.00,1.00,5428.00,1728.00,218.00,1265.00,0.00,2217.00,
2015,3,"NK","Spirit Air Lines","LAS","Las Vegas, NV: McCarran International",775.00,150.00,47.48,1.68,54.97,0.28,45.60,7.00,1.00,12348.00,3649.00,140.00,4369.00,5.00,4185.00,
2015,3,"NK","Spirit Air Lines","DTW","Detroit, MI: Detroit Metro Wayne County",751.00,198.00,51.05,0.49,88.67,0.75,57.04,11.00,0.00,12145.00,2543.00,19.00,4044.00,15.00,5524.00,
2015,3,"NK","Spirit Air Lines","SAN","San Diego, CA: San Diego International",155.00,20.00,4.83,1.56,5.98,0.00,7.63,1.00,0.00,1475.00,373.00,241.00,302.00,0.00,559.00,
2015,3,"NK","Spirit Air Lines","IAH","Houston, TX: George Bush Intercontinental/Houston",371.00,75.00,19.82,0.31,32.28,0.14,22.45,1.00,1.00,4741.00,1802.00,13.00,1450.00,4.00,1472.00,
2015,3,"NK","Spirit Air Lines","BOS","Boston, MA: Logan International",163.00,32.00,12.58,1.40,14.81,0.00,3.21,2.00,0.00,2062.00,672.00,276.00,604.00,0.00,510.00,
2015,3,"NK","Spirit Air Lines","PHL","Philadelphia, PA: Philadelphia International",71.00,18.00,3.59,2.61,5.16,0.00,6.65,4.00,0.00,1617.00,135.00,383.00,584.00,0.00,515.00,
2015,3,"NK","Spirit Air Lines","LAX","Los Angeles, CA: Los Angeles International",279.00,79.00,21.91,0.80,35.32,0.00,20.96,1.00,0.00,5709.00,1421.00,106.00,2375.00,0.00,1807.00,
2015,3,"NK","Spirit Air Lines","DEN","Denver, CO: Denver International",310.00,78.00,26.49,0.00,23.56,1.34,26.61,2.00,0.00,4978.00,1198.00,0.00,1238.00,25.00,2517.00,
2015,3,"NK","Spirit Air Lines","BWI","Baltimore, MD: Baltimore/Washington International Thurgood Marshall",171.00,54.00,16.22,0.00,17.78,0.45,19.54,0.00,0.00,3109.00,999.00,0.00,768.00,14.00,1328.00,
2015,3,"OO","SkyWest Airlines Inc.","PHX","Phoenix, AZ: Phoenix Sky Harbor International",1743.00,239.00,60.91,1.89,86.82,0.00,89.37,13.00,2.00,11259.00,4845.00,104.00,2234.00,0.00,4076.00,
2015,3,"OO","SkyWest Airlines Inc.","DEN","Denver, CO: Denver International",3959.00,572.00,106.66,16.98,126.33,0.63,321.40,49.00,13.00,35057.00,8647.00,2068.00,4250.00,26.00,20066.00,
2015,3,"OO","SkyWest Airlines Inc.","IAH","Houston, TX: George Bush Intercontinental/Houston",1302.00,276.00,70.04,6.10,97.80,1.17,100.87,15.00,2.00,15612.00,5744.00,506.00,2852.00,24.00,6486.00,
2015,3,"OO","SkyWest Airlines Inc.","ATL","Atlanta, GA: Hartsfield-Jackson Atlanta International",350.00,94.00,31.19,3.52,26.95,0.67,31.66,5.00,1.00,4662.00,1492.00,243.00,779.00,20.00,2128.00,
2015,3,"OO","SkyWest Airlines Inc.","DFW","Dallas/Fort Worth, TX: Dallas/Fort Worth International",366.00,81.00,40.66,0.43,24.29,0.00,15.62,8.00,0.00,4281.00,2325.00,50.00,729.00,0.00,1177.00,
2015,3,"OO","SkyWest Airlines Inc.","LGA","New York, NY: LaGuardia",6.00,1.00,0.82,0.00,0.00,0.00,0.18,0.00,0.00,51.00,42.00,0.00,0.00,0.00,9.00,
2015,3,"OO","SkyWest Airlines Inc.","ORD","Chicago, IL: Chicago O'Hare International",3138.00,565.00,92.05,11.83,193.66,0.00,267.45,99.00,2.00,39017.00,9496.00,1253.00,11162.00,0.00,17106.00,
2015,3,"OO","SkyWest Airlines Inc.","LAX","Los Angeles, CA: Los Angeles International",4072.00,1048.00,128.85,16.28,516.98,0.76,385.13,38.00,2.00,52576.00,9754.00,883.00,21612.00,16.00,20311.00,
2015,3,"OO","SkyWest Airlines Inc.","MSP","Minneapolis, MN: Minneapolis-St Paul International",2075.00,296.00,53.92,10.54,105.71,1.09,124.75,21.00,4.00,20489.00,6821.00,1465.00,3446.00,28.00,8729.00,
2015,3,"OO","SkyWest Airlines Inc.","SEA","Seattle, WA: Seattle/Tacoma International",1085.00,135.00,36.17,6.81,30.29,0.00,61.73,3.00,0.00,9044.00,3416.00,403.00,1028.00,0.00,4197.00,
2015,3,"OO","SkyWest Airlines Inc.","SLC","Salt Lake City, UT: Salt Lake City International",4383.00,368.00,98.95,10.02,86.42,0.00,172.62,18.00,1.00,24702.00,10560.00,760.00,2704.00,0.00,10678.00,
2015,3,"OO","SkyWest Airlines Inc.","DTW","Detroit, MI: Detroit Metro Wayne County",936.00,136.00,20.93,4.88,24.44,1.00,84.75,10.00,0.00,11232.00,2491.00,369.00,1034.00,23.00,7315.00,
2015,3,"OO","SkyWest Airlines Inc.","SFO","San Francisco, CA: San Francisco International",3510.00,645.00,83.38,8.08,284.36,0.00,269.19,36.00,1.00,39555.00,7995.00,471.00,14023.00,0.00,17066.00,
2015,3,"OO","SkyWest Airlines Inc.","LAS","Las Vegas, NV: McCarran International",361.00,73.00,26.77,0.00,17.27,0.00,28.96,0.00,0.00,3891.00,1629.00,0.00,695.00,0.00,1567.00,
2015,3,"OO","SkyWest Airlines Inc.","DCA","Washington, DC: Ronald Reagan Washington National",127.00,22.00,14.16,0.00,3.54,0.00,4.30,9.00,1.00,1025.00,663.00,0.00,142.00,0.00,220.00,
2015,3,"OO","SkyWest Airlines Inc.","PDX","Portland, OR: Portland International",577.00,64.00,19.59,3.70,11.54,0.00,29.17,0.00,3.00,3387.00,1004.00,106.00,390.00,0.00,1887.00,
2015,3,"OO","SkyWest Airlines Inc.","SAN","San Diego, CA: San Diego International",704.00,135.00,32.44,0.68,23.49,0.00,78.39,7.00,1.00,5787.00,1639.00,69.00,720.00,0.00,3359.00,
2015,3,"OO","SkyWest Airlines Inc.","CLT","Charlotte, NC: Charlotte Douglas International",66.00,18.00,5.88,0.81,7.04,0.00,4.26,1.00,0.00,1005.00,418.00,30.00,192.00,0.00,365.00,
2015,3,"OO","SkyWest Airlines Inc.","BOS","Boston, MA: Logan International",21.00,3.00,1.64,1.00,0.00,0.00,0.36,1.00,0.00,92.00,49.00,29.00,0.00,0.00,14.00,
2015,3,"OO","SkyWest Airlines Inc.","IAD","Washington, DC: Washington Dulles International",4.00,1.00,0.00,0.00,0.10,0.00,0.90,0.00,0.00,237.00,0.00,0.00,24.00,0.00,213.00,
2015,3,"OO","SkyWest Airlines Inc.","MDW","Chicago, IL: Chicago Midway International",1.00,1.00,0.71,0.00,0.00,0.00,0.29,0.00,0.00,34.00,24.00,0.00,0.00,0.00,10.00,
2015,3,"OO","SkyWest Airlines Inc.","EWR","Newark, NJ: Newark Liberty International",,,,,,,,,,,,,,,,
2015,3,"OO","SkyWest Airlines Inc.","MIA","Miami, FL: Miami International",1.00,0.00,0.00,0.00,0.00,0.00,0.00,0.00,0.00,0.00,0.00,0.00,0.00,0.00,0.00,
2015,3,"UA","United Air Lines Inc.","LAS","Las Vegas, NV: McCarran International",1060.00,198.00,73.85,9.98,41.34,0.00,72.82,2.00,1.00,12671.00,4448.00,750.00,2376.00,0.00,5097.00,
2015,3,"UA","United Air Lines Inc.","IAH","Houston, TX: George Bush Intercontinental/Houston",4957.00,1003.00,391.31,45.29,285.36,0.00,281.04,59.00,4.00,53408.00,19244.00,3524.00,9394.00,0.00,21246.00,
2015,3,"UA","United Air Lines Inc.","TPA","Tampa, FL: Tampa International",636.00,142.00,68.35,8.39,26.29,0.00,38.97,5.00,0.00,7873.00,2819.00,720.00,1127.00,0.00,3207.00,
2015,3,"UA","United Air Lines Inc.","ATL","Atlanta, GA: Hartsfield-Jackson Atlanta International",308.00,56.00,22.90,4.39,13.26,0.00,15.45,9.00,0.00,3793.00,1198.00,438.00,630.00,0.00,1527.00,
2015,3,"UA","United Air Lines Inc.","SFO","San Francisco, CA: San Francisco International",4017.00,647.00,238.50,22.80,187.86,0.00,197.84,58.00,9.00,43369.00,14211.00,1817.00,9351.00,0.00,17990.00,
2015,3,"UA","United Air Lines Inc.","SAN","San Diego, CA: San Diego International",684.00,113.00,52.32,6.81,15.98,0.00,37.89,3.00,6.00,6574.00,2818.00,760.00,829.00,0.00,2167.00,
2015,3,"UA","United Air Lines Inc.","EWR","Newark, NJ: Newark Liberty International",4096.00,887.00,282.82,18.30,327.12,0.00,258.76,127.00,14.00,55148.00,16533.00,867.00,17863.00,0.00,19885.00,
2015,3,"UA","United Air Lines Inc.","ORD","Chicago, IL: Chicago O'Hare International",5760.00,1169.00,353.58,47.95,452.50,0.00,314.97,92.00,9.00,73122.00,18800.00,4044.00,26357.00,0.00,23921.00,
2015,3,"UA","United Air Lines Inc.","PHL","Philadelphia, PA: Philadelphia International",338.00,76.00,25.68,2.87,24.61,0.00,22.84,14.00,0.00,5424.00,1148.00,160.00,2179.00,0.00,1937.00,
2015,3,"UA","United Air Lines Inc.","MCO","Orlando, FL: Orlando International",1175.00,253.00,115.49,20.41,48.35,0.00,68.76,11.00,0.00,14642.00,5318.00,1846.00,2119.00,0.00,5359.00,
2015,3,"UA","United Air Lines Inc.","DEN","Denver, CO: Denver International",4165.00,722.00,272.70,26.74,179.95,0.00,242.61,36.00,2.00,41627.00,14959.00,1940.00,6385.00,0.00,18343.00,
2015,3,"UA","United Air Lines Inc.","FLL","Fort Lauderdale, FL: Fort Lauderdale-Hollywood International",634.00,124.00,62.15,7.67,23.15,0.00,31.03,9.00,2.00,7233.00,3111.00,773.00,1105.00,0.00,2244.00,
2015,3,"UA","United Air Lines Inc.","LAX","Los Angeles, CA: Los Angeles International",2475.00,602.00,193.22,26.91,242.33,0.00,139.53,29.00,5.00,33392.00,10441.00,2785.00,9933.00,0.00,10233.00,
2015,3,"UA","United Air Lines Inc.","MIA","Miami, FL: Miami International",370.00,83.00,36.29,6.30,19.91,0.00,20.50,7.00,0.00,4766.00,1539.00,620.00,706.00,0.00,1901.00,
2015,3,"UA","United Air Lines Inc.","BWI","Baltimore, MD: Baltimore/Washington International Thurgood Marshall",245.00,46.00,21.14,2.20,4.26,0.00,18.40,6.00,2.00,2512.00,1053.00,102.00,113.00,0.00,1244.00,
2015,3,"UA","United Air Lines Inc.","IAD","Washington, DC: Washington Dulles International",1569.00,231.00,86.72,6.57,51.37,0.00,86.34,30.00,1.00,13362.00,4634.00,570.00,2130.00,0.00,6028.00,
2015,3,"UA","United Air Lines Inc.","LGA","New York, NY: LaGuardia",790.00,247.00,47.64,10.13,148.04,0.00,41.19,39.00,14.00,16495.00,2550.00,837.00,9389.00,0.00,3719.00,
2015,3,"UA","United Air Lines Inc.","SEA","Seattle, WA: Seattle/Tacoma International",773.00,126.00,52.58,6.39,14.92,0.00,52.11,0.00,1.00,8015.00,2462.00,708.00,882.00,0.00,3963.00,
2015,3,"UA","United Air Lines Inc.","PHX","Phoenix, AZ: Phoenix Sky Harbor International",653.00,128.00,56.76,8.90,21.03,0.00,41.31,2.00,1.00,7683.00,2596.00,1257.00,872.00,0.00,2958.00,
2015,3,"UA","United Air Lines Inc.","MSP","Minneapolis, MN: Minneapolis-St Paul International",266.00,60.00,29.45,3.74,10.95,0.00,15.87,0.00,0.00,3639.00,1497.00,443.00,511.00,0.00,1188.00,
2015,3,"UA","United Air Lines Inc.","BOS","Boston, MA: Logan International",983.00,228.00,107.10,10.12,50.03,0.00,60.75,12.00,1.00,14309.00,5423.00,910.00,3162.00,0.00,4814.00,
2015,3,"UA","United Air Lines Inc.","DCA","Washington, DC: Ronald Reagan Washington National",422.00,77.00,29.98,2.70,19.09,0.00,25.23,18.00,4.00,4140.00,1520.00,167.00,760.00,0.00,1693.00,
2015,3,"UA","United Air Lines Inc.","SLC","Salt Lake City, UT: Salt Lake City International",203.00,24.00,13.74,2.12,2.72,0.00,5.42,0.00,0.00,2111.00,1020.00,304.00,116.00,0.00,671.00,
2015,3,"UA","United Air Lines Inc.","DFW","Dallas/Fort Worth, TX: Dallas/Fort Worth International",311.00,71.00,33.03,4.48,15.87,0.00,17.62,1.00,0.00,4044.00,1595.00,288.00,789.00,0.00,1372.00,
2015,3,"UA","United Air Lines Inc.","HNL","Honolulu, HI: Daniel K Inouye International",443.00,158.00,80.82,2.55,60.08,0.00,14.55,7.00,0.00,10278.00,5714.00,237.00,2076.00,0.00,2251.00,
2015,3,"UA","United Air Lines Inc.","PDX","Portland, OR: Portland International",334.00,66.00,35.78,1.40,5.34,0.00,23.48,2.00,0.00,3503.00,1490.00,121.00,321.00,0.00,1571.00,
2015,3,"UA","United Air Lines Inc.","DTW","Detroit, MI: Detroit Metro Wayne County",59.00,9.00,3.54,0.41,1.25,0.00,3.80,0.00,0.00,852.00,264.00,53.00,168.00,0.00,367.00,
2015,3,"UA","United Air Lines Inc.","JFK","New York, NY: John F. Kennedy International",349.00,80.00,20.50,0.94,48.18,0.00,10.38,10.00,2.00,8206.00,1150.00,188.00,5323.00,0.00,1545.00,
2015,3,"US","US Airways Inc.","LAX","Los Angeles, CA: Los Angeles International",626.00,156.00,40.66,6.25,77.27,1.46,30.38,4.00,1.00,7331.00,1918.00,627.00,3195.00,69.00,1522.00,
2015,3,"US","US Airways Inc.","PHX","Phoenix, AZ: Phoenix Sky Harbor International",4830.00,630.00,178.99,12.06,266.12,0.80,172.03,39.00,15.00,29806.00,9951.00,1176.00,8673.00,16.00,9990.00,
2015,3,"US","US Airways Inc.","CLT","Charlotte, NC: Charlotte Douglas International",7710.00,1228.00,312.92,29.86,534.20,3.26,347.75,97.00,5.00,56898.00,15846.00,3056.00,17056.00,179.00,20761.00,
2015,3,"US","US Airways Inc.","LGA","New York, NY: LaGuardia",1129.00,304.00,47.54,2.33,192.89,0.75,60.50,110.00,4.00,16245.00,2453.00,99.00,9964.00,49.00,3680.00,
2015,3,"US","US Airways Inc.","PHL","Philadelphia, PA: Philadelphia International",3531.00,719.00,172.20,11.06,363.13,3.77,168.84,147.00,26.00,36990.00,10049.00,1487.00,13987.00,148.00,11319.00,
2015,3,"US","US Airways Inc.","SEA","Seattle, WA: Seattle/Tacoma International",258.00,33.00,14.56,0.17,11.42,0.29,6.56,1.00,6.00,1178.00,555.00,7.00,405.00,5.00,206.00,
2015,3,"US","US Airways Inc.","HNL","Honolulu, HI: Daniel K Inouye International",81.00,23.00,7.77,0.00,15.21,0.00,0.02,2.00,0.00,887.00,413.00,0.00,473.00,0.00,1.00,
2015,3,"US","US Airways Inc.","DEN","Denver, CO: Denver International",412.00,86.00,33.07,0.85,35.39,1.00,15.68,2.00,1.00,3504.00,1633.00,53.00,1170.00,22.00,626.00,
2015,3,"US","US Airways Inc.","LAS","Las Vegas, NV: McCarran International",514.00,92.00,26.40,1.72,37.70,0.60,25.58,5.00,2.00,4918.00,1369.00,145.00,1990.00,15.00,1399.00,
2015,3,"US","US Airways Inc.","MIA","Miami, FL: Miami International",307.00,55.00,26.63,0.72,15.74,0.35,11.56,4.00,0.00,3279.00,1590.00,99.00,818.00,6.00,766.00,
2015,3,"US","US Airways Inc.","TPA","Tampa, FL: Tampa International",631.00,114.00,35.46,1.53,46.11,1.53,29.37,7.00,0.00,6303.00,2173.00,176.00,1663.00,64.00,2227.00,
2015,3,"US","US Airways Inc.","BOS","Boston, MA: Logan International",1584.00,354.00,98.98,5.74,143.50,0.42,105.37,94.00,3.00,19098.00,4468.00,418.00,7007.00,21.00,7184.00,
2015,3,"US","US Airways Inc.","SFO","San Francisco, CA: San Francisco International",417.00,61.00,16.78,2.68,27.53,0.31,13.71,2.00,7.00,2772.00,773.00,278.00,1048.00,12.00,661.00,
2015,3,"US","US Airways Inc.","DFW","Dallas/Fort Worth, TX: Dallas/Fort Worth International",526.00,125.00,54.02,1.62,45.96,0.64,22.76,15.00,0.00,5665.00,2575.00,223.00,1557.00,18.00,1292.00,
2015,3,"US","US Airways Inc.","MCO","Orlando, FL: Orlando International",817.00,162.00,60.21,1.69,61.87,0.70,37.54,14.00,0.00,7970.00,3251.00,139.00,2302.00,23.00,2255.00,
2015,3,"US","US Airways Inc.","ORD","Chicago, IL: Chicago O'Hare International",638.00,143.00,34.92,2.29,69.36,0.00,36.44,22.00,0.00,7303.00,1511.00,305.00,3634.00,0.00,1853.00,
2015,3,"US","US Airways Inc.","IAH","Houston, TX: George Bush Intercontinental/Houston",430.00,74.00,24.82,0.17,30.14,2.16,16.71,6.00,0.00,2895.00,996.00,20.00,964.00,43.00,872.00,
2015,3,"US","US Airways Inc.","DTW","Detroit, MI: Detroit Metro Wayne County",254.00,42.00,17.46,0.96,13.78,0.00,9.80,0.00,0.00,1719.00,773.00,24.00,310.00,0.00,612.00,
2015,3,"US","US Airways Inc.","BWI","Baltimore, MD: Baltimore/Washington International Thurgood Marshall",346.00,65.00,16.01,0.33,28.31,2.03,18.32,3.00,1.00,2584.00,591.00,21.00,870.00,55.00,1047.00,
2015,3,"US","US Airways Inc.","ATL","Atlanta, GA: Hartsfield-Jackson Atlanta International",499.00,118.00,38.68,1.31,49.41,1.34,27.27,7.00,1.00,5176.00,1863.00,94.00,1539.00,44.00,1636.00,
2015,3,"US","US Airways Inc.","DCA","Washington, DC: Ronald Reagan Washington National",1789.00,369.00,93.18,9.71,161.30,0.76,104.05,111.00,3.00,19538.00,5075.00,949.00,6324.00,32.00,7158.00,
2015,3,"US","US Airways Inc.","EWR","Newark, NJ: Newark Liberty International",367.00,84.00,25.01,0.00,48.46,0.31,10.21,8.00,1.00,4997.00,1561.00,0.00,2691.00,11.00,734.00,
2015,3,"US","US Airways Inc.","PDX","Portland, OR: Portland International",161.00,25.00,14.00,0.00,3.55,1.00,6.46,0.00,0.00,1358.00,741.00,0.00,76.00,21.00,520.00,
2015,3,"US","US Airways Inc.","FLL","Fort Lauderdale, FL: Fort Lauderdale-Hollywood International",605.00,118.00,40.74,1.96,46.54,1.94,26.82,11.00,1.00,5851.00,1930.00,346.00,1651.00,69.00,1855.00,
2015,3,"US","US Airways Inc.","SLC","Salt Lake City, UT: Salt Lake City International",219.00,31.00,13.11,0.39,14.05,0.00,3.45,1.00,0.00,1516.00,596.00,53.00,693.00,0.00,174.00,
2015,3,"US","US Airways Inc.","JFK","New York, NY: John F. Kennedy International",242.00,62.00,12.35,0.26,38.64,1.31,9.44,14.00,2.00,3939.00,684.00,18.00,2736.00,105.00,396.00,
2015,3,"US","US Airways Inc.","MSP","Minneapolis, MN: Minneapolis-St Paul International",360.00,96.00,37.86,0.06,39.90,2.26,15.92,5.00,0.00,3932.00,1914.00,4.00,1301.00,87.00,626.00,
2015,3,"US","US Airways Inc.","SAN","San Diego, CA: San Diego International",292.00,42.00,25.17,0.30,6.50,0.00,10.03,6.00,3.00,1879.00,1217.00,14.00,220.00,0.00,428.00,
2015,3,"VX","Virgin America","SFO","San Francisco, CA: San Francisco International",1379.00,250.00,54.45,18.84,82.01,0.00,94.70,7.00,10.00,15127.00,3470.00,622.00,4086.00,0.00,6949.00,
2015,3,"VX","Virgin America","ORD","Chicago, IL: Chicago O'Hare International",102.00,15.00,4.58,0.58,6.00,0.00,3.84,0.00,0.00,1189.00,293.00,24.00,549.00,0.00,323.00,
2015,3,"VX","Virgin America","LAX","Los Angeles, CA: Los Angeles International",1049.00,231.00,37.54,30.70,89.31,1.00,72.46,11.00,5.00,13399.00,2377.00,1347.00,4251.00,40.00,5384.00,
2015,3,"VX","Virgin America","JFK","New York, NY: John F. Kennedy International",339.00,90.00,16.91,10.91,41.39,0.00,20.79,7.00,1.00,7074.00,752.00,267.00,4939.00,0.00,1116.00,
2015,3,"VX","Virgin America","LAS","Las Vegas, NV: McCarran International",342.00,54.00,18.65,4.00,14.09,0.00,17.25,5.00,0.00,3013.00,978.00,139.00,924.00,0.00,972.00,
2015,3,"VX","Virgin America","DCA","Washington, DC: Ronald Reagan Washington National",115.00,27.00,8.84,3.41,4.03,0.00,10.72,3.00,1.00,1470.00,335.00,157.00,252.00,0.00,726.00,
2015,3,"VX","Virgin America","MCO","Orlando, FL: Orlando International",31.00,4.00,1.00,3.00,0.00,0.00,0.00,0.00,0.00,86.00,17.00,69.00,0.00,0.00,0.00,
2015,3,"VX","Virgin America","FLL","Fort Lauderdale, FL: Fort Lauderdale-Hollywood International",166.00,39.00,9.02,3.94,9.83,0.00,16.21,1.00,0.00,1776.00,512.00,136.00,369.00,0.00,759.00,
2015,3,"VX","Virgin America","SAN","San Diego, CA: San Diego International",138.00,10.00,3.20,1.00,0.11,0.00,5.69,0.00,1.00,668.00,343.00,18.00,8.00,0.00,299.00,
2015,3,"VX","Virgin America","IAD","Washington, DC: Washington Dulles International",114.00,11.00,5.00,3.00,1.02,0.00,1.98,2.00,0.00,788.00,366.00,73.00,88.00,0.00,261.00,
2015,3,"VX","Virgin America","EWR","Newark, NJ: Newark Liberty International",170.00,26.00,4.23,2.34,12.25,0.00,7.18,4.00,2.00,2021.00,205.00,155.00,1362.00,0.00,299.00,
2015,3,"VX","Virgin America","BOS","Boston, MA: Logan International",128.00,14.00,5.80,4.62,0.08,0.00,3.49,0.00,0.00,421.00,201.00,114.00,2.00,0.00,104.00,
2015,3,"VX","Virgin America","PDX","Portland, OR: Portland International",31.00,6.00,2.27,0.00,0.00,0.00,3.73,0.00,0.00,235.00,123.00,0.00,0.00,0.00,112.00,
2015,3,"VX","Virgin America","LGA","New York, NY: LaGuardia",111.00,49.00,9.80,5.34,32.96,0.00,0.90,6.00,0.00,3241.00,527.00,174.00,2519.00,0.00,21.00,
2015,3,"VX","Virgin America","SEA","Seattle, WA: Seattle/Tacoma International",196.00,21.00,3.97,0.06,3.74,0.00,13.24,0.00,0.00,975.00,209.00,1.00,180.00,0.00,585.00,
2015,3,"WN","Southwest Airlines Co.","EWR","Newark, NJ: Newark Liberty International",509.00,105.00,32.55,8.92,34.61,0.00,28.92,43.00,1.00,7023.00,2579.00,808.00,1767.00,0.00,1869.00,
2015,3,"WN","Southwest Airlines Co.","FLL","Fort Lauderdale, FL: Fort Lauderdale-Hollywood International",1935.00,351.00,146.22,3.34,56.20,0.41,144.82,31.00,1.00,19680.00,8443.00,223.00,2356.00,11.00,8647.00,
2015,3,"WN","Southwest Airlines Co.","IAD","Washington, DC: Washington Dulles International",212.00,31.00,11.27,0.10,8.87,0.00,10.77,3.00,0.00,1563.00,764.00,17.00,220.00,0.00,562.00,
2015,3,"WN","Southwest Airlines Co.","LAS","Las Vegas, NV: McCarran International",6379.00,1042.00,263.36,31.25,228.96,1.47,516.97,47.00,5.00,52512.00,12623.00,3072.00,9823.00,29.00,26965.00,
2015,3,"WN","Southwest Airlines Co.","LAX","Los Angeles, CA: Los Angeles International",3350.00,878.00,179.70,12.49,361.37,0.29,324.16,55.00,5.00,41972.00,9046.00,486.00,14596.00,11.00,17833.00,
2015,3,"WN","Southwest Airlines Co.","LGA","New York, NY: LaGuardia",938.00,256.00,64.79,31.98,106.29,0.00,52.94,85.00,11.00,16176.00,3860.00,2370.00,5932.00,0.00,4014.00,
2015,3,"WN","Southwest Airlines Co.","MCO","Orlando, FL: Orlando International",4083.00,696.00,215.90,6.92,140.23,0.45,332.50,50.00,4.00,39997.00,13821.00,896.00,4680.00,18.00,20582.00,
2015,3,"WN","Southwest Airlines Co.","PDX","Portland, OR: Portland International",884.00,142.00,58.31,1.00,7.32,0.27,75.10,3.00,2.00,5905.00,2476.00,22.00,196.00,6.00,3205.00,
2015,3,"WN","Southwest Airlines Co.","PHL","Philadelphia, PA: Philadelphia International",804.00,161.00,59.25,9.40,31.19,0.00,61.15,54.00,3.00,10851.00,3949.00,1043.00,1603.00,0.00,4256.00,
2015,3,"WN","Southwest Airlines Co.","PHX","Phoenix, AZ: Phoenix Sky Harbor International",5347.00,914.00,269.68,14.85,166.33,2.22,460.92,38.00,7.00,43601.00,13901.00,1111.00,5128.00,259.00,23202.00,
2015,3,"WN","Southwest Airlines Co.","ATL","Atlanta, GA: Hartsfield-Jackson Atlanta International",3672.00,659.00,211.62,4.36,162.12,0.87,280.02,69.00,4.00,31320.00,12177.00,250.00,4526.00,26.00,14341.00,
2015,3,"WN","Southwest Airlines Co.","BOS","Boston, MA: Logan International",796.00,170.00,58.26,5.56,43.42,0.00,62.76,22.00,2.00,9874.00,3027.00,1068.00,2306.00,0.00,3473.00,
2015,3,"WN","Southwest Airlines Co.","BWI","Baltimore, MD: Baltimore/Washington International Thurgood Marshall",5888.00,927.00,279.57,18.27,165.85,0.61,462.69,307.00,22.00,46320.00,13993.00,1315.00,5403.00,17.00,25592.00,
2015,3,"WN","Southwest Airlines Co.","CLT","Charlotte, NC: Charlotte Douglas International",153.00,32.00,13.11,0.00,5.74,0.00,13.15,5.00,0.00,1154.00,370.00,0.00,348.00,0.00,436.00,
2015,3,"WN","Southwest Airlines Co.","DCA","Washington, DC: Ronald Reagan Washington National",1340.00,174.00,52.74,1.51,23.68,0.00,96.07,84.00,5.00,9461.00,3006.00,64.00,978.00,0.00,5413.00,
2015,3,"WN","Southwest Airlines Co.","DEN","Denver, CO: Denver International",5121.00,727.00,213.17,10.02,140.59,2.22,361.01,36.00,5.00,35984.00,11116.00,899.00,4771.00,45.00,19153.00,
2015,3,"WN","Southwest Airlines Co.","DTW","Detroit, MI: Detroit Metro Wayne County",586.00,116.00,45.68,2.00,14.09,0.71,53.51,14.00,0.00,5526.00,2374.00,37.00,565.00,15.00,2535.00,
2015,3,"WN","Southwest Airlines Co.","MDW","Chicago, IL: Chicago Midway International",6965.00,1149.00,356.96,47.11,249.73,1.05,494.15,270.00,59.00,60589.00,17580.00,4692.00,10550.00,30.00,27737.00,
2015,3,"WN","Southwest Airlines Co.","MSP","Minneapolis, MN: Minneapolis-St Paul International",670.00,126.00,51.22,1.92,26.97,0.00,45.89,4.00,0.00,5154.00,2338.00,74.00,849.00,0.00,1893.00,
2015,3,"WN","Southwest Airlines Co.","SAN","San Diego, CA: San Diego International",2918.00,459.00,156.47,3.09,59.02,0.07,240.35,33.00,6.00,24236.00,8722.00,279.00,2048.00,3.00,13184.00,
2015,3,"WN","Southwest Airlines Co.","SEA","Seattle, WA: Seattle/Tacoma International",849.00,166.00,64.82,2.20,25.00,0.00,73.98,0.00,1.00,7646.00,2933.00,109.00,736.00,0.00,3868.00,
2015,3,"WN","Southwest Airlines Co.","SFO","San Francisco, CA: San Francisco International",1338.00,312.00,85.72,9.92,81.36,0.15,134.85,36.00,2.00,16820.00,4746.00,531.00,3820.00,5.00,7718.00,
2015,3,"WN","Southwest Airlines Co.","SLC","Salt Lake City, UT: Salt Lake City International",830.00,182.00,70.94,0.83,18.21,0.00,92.02,4.00,0.00,8363.00,3024.00,19.00,596.00,0.00,4724.00,
2015,3,"WN","Southwest Airlines Co.","TPA","Tampa, FL: Tampa International",2901.00,479.00,165.42,0.04,81.86,0.00,231.68,34.00,3.00,26522.00,9630.00,11.00,2818.00,0.00,14063.00,
